size,bruteforce,antalgo
2,0.0,0.015625
3,0.0,0.015625
4,0.0,0.03125
5,0.0,0.09375
6,0.0,0.171875
7,0.0,0.296875
8,0.125,0.46875
9,1.140625,0.71875
10,12.734375,1.078125