size,beadsort,radixsort,binarysort

1,0,0,0
250,17.7333,0.133333,0.666667
500,33.5667,0.2,2.2
750,50.6667,0.3,4.8
1000,69,0.433333,7.8
1250,82.2667,0.533333,11.8667
1500,96.2333,0.8,16.3667
1750,112.467,0.733333,21
2000,131.033,0.833333,26.8333
2250,149.2,0.933333,31.7667
2500,164.267,1.13333,39
