size,beadsort,radixsort,binarysort

1,0,0,0.0333333
250,17.7333,0.1,0.733333
500,34.9667,0.233333,2.36667
750,50.6667,0.3,5.06667
1000,67.7333,0.4,8.26667
1250,82.2,0.533333,12.2333
1500,96.8,0.633333,17.2667
1750,113.367,0.733333,21.7667
2000,130.833,0.933333,27.7
2250,150.333,0.933333,33.2333
2500,162.067,1.06667,39.1333
